{
    "description": "sample template",
    "dataKey": "sample_tpl1",
    "answers": [

    ],
    "templateDataKey": "family-characteristics-2022",
    "gearVersion": "1.1.0-rc",
    "templateVersion": "0.0.1",
    "validationVersion": "0.0.1",
    "summary": {
    },
    "createdBy": "AdityaSetyadi",
    "createdAt": "2022-07-16 11:11:31",
    "createdAtTimezone": "Asia/Jakarta",
    "createdAtGMT": 7,
    "updatedBy": "AdityaSetyadi",
    "updatedAt": "2022-08-08 15:41:31",
    "updatedAtTimezone": "Asia/Jakarta",
    "updatedAtGMT": 7
}