{
  "description": "PEMERIKSAAN DATA SAKERNAS",
  "dataKey": "META-SAKERNAS-2024",
  "title": "META SAKERNAS 2024",
  "acronym": "META SAKERNAS",
  "version": "0.0.1",
  "components": [
    [
      {
        "label": "BLOK I",
        "dataKey": "blok1",
        "description": "KETERANGAN SAMPEL",
        "type": 1,
        "components": [
          [
            {
              "label" : "<div class=\"text-center border-2 p-4 rounded-full\" style=\"backgrond-color: #B0E0E6\"><b>I. KETERANGAN SAMPEL</b></div>",
              "type" : 3,
              "dataKey" : "head_blok1"
            },
            {
              "label" : "<span class=\"font-normal\">1. Provinsi</span>",
              "type" : 25,
              "dataKey" : "prov",
              "required" : false,
              "tabular" : false,
              "encrypted" : false,
              "enableRemark" : false,
              "presetMaster" : true,
              "disableInput" : true,
              "disableInitial" : true,
              "isCapital" : false
            },
            {
              "label" : "<span class=\"font-normal\">2. Kabupaten/Kota</span>",
              "type" : 25,
              "dataKey" : "kab",
              "required" : false,
              "tabular" : false,
              "encrypted" : false,
              "enableRemark" : false,
              "presetMaster" : true,
              "disableInput" : true,
              "disableInitial" : true,
              "isCapital" : false
            },
            {
              "label" : "<span class=\"font-normal\">3. Kecamatan</span>",
              "type" : 25,
              "dataKey" : "kec",
              "required" : false,
              "tabular" : false,
              "encrypted" : false,
              "enableRemark" : false,
              "presetMaster" : true,
              "disableInput" : true,
              "disableInitial" : true,
              "isCapital" : false
            },
            {
              "label" : "<span class=\"font-normal\">4. Desa/Kelurahan</span>",
              "type" : 25,
              "dataKey" : "desa",
              "required" : false,
              "tabular" : false,
              "encrypted" : false,
              "enableRemark" : false,
              "presetMaster" : true,
              "disableInput" : true,
              "disableInitial" : true,
              "isCapital" : false,
              "isEditable" : false
            },
            {
              "label" : "6. Nomor Blok Sensus",
              "type" : 25,
              "dataKey" : "nbs",
              "required" : false,
              "tabular" : false,
              "encrypted" : false,
              "enableRemark" : false,
              "presetMaster" : true,
              "disableInput" : true,
              "disableInitial" : true,
              "isCapital" : true
            },
            {
              "label" : "7. Nomor Kode Sampel",
              "type" : 25,
              "dataKey" : "nks",
              "required" : false,
              "tabular" : false,
              "encrypted" : false,
              "answer" : "",
              "enableRemark" : false,
              "presetMaster" : true,
              "disableInput" : true,
              "disableInitial" : true,
              "isCapital" : true,
              "isEditableList" : true
            },
            {
              "label": "8. Nomor Urut Rumah Tangga",
              "dataKey": "nurt",
              "type": 27,
              "typeOption": 1,
              "required" : true,
              "enableRemark" : false,
              "options": [

              ]
            },
            {
              "label": "9. Nama PCL",
              "dataKey": "pcl",
              "type": 27,
              "typeOption": 1,
              "required" : true,
              "enableRemark" : false,
              "options": [

              ]
            },
            {
              "label" : "10. Nama PML",
              "type" : 25,
              "dataKey" : "pml",
              "required" : true,
              "tabular" : false,
              "encrypted" : false,
              "enableRemark" : false,
              "presetMaster" : true,
              "disableInput" : true,
              "disableInitial" : false,
              "isCapital" : true,
              "isEditableList" : true
            }
          ]
        ]
      },
      {
        "label": "BLOK II",
        "dataKey": "blok2",
        "description": "KETERANGAN ANGGOTA RUMAH TANGGA 15 TAHUN KE-ATAS",
        "type": 1,"enableCondition": "getValue('nurt') != 'null'",
        "componentEnable": ["nurt"],
        "components": [
          [
            {
              "label": "<div class=\"text-center border-2 p-4 rounded-full\" style=\"backgrond-color: #FF0000\"><b>II. KETERANGAN ANGGOTA RUMAH TANGGA 15 TAHUN KE-ATAS</b></div>",
              "dataKey": "title_blok2",
              "type": 3
            },
            {
              "label" : "1. Jumlah Anggota Rumah Tangga berumur 15 Tahun Ke-Atas",
              "type" : 28,
              "dataKey" : "jml_art",
              "required" : true,
              "tabular" : false,
              "encrypted" : false,
              "enableRemark" : false,
              "disableInput" : false,
              "disableInitial" : false,
              "isEditableList" : true
            },
            {
              "label": "Anggota Rumah Tangga",
              "dataKey": "anggotakeluarganested",
              "description": "Anggota Rumah Tangga",
              "type": 2,
              "sourceQuestion": "jml_art",
              "components": [
                [
                  {
                    "label" : "Nama <b>Anggota Rumah Tangga</b>",
                    "type" : 25,
                    "dataKey" : "nama_art",
                    "required" : true,
                    "tabular" : false,
                    "encrypted" : false,
                    "enableRemark" : false,
                    "presetMaster" : true,
                    "disableInput" : false,
                    "disableInitial" : false,
                    "isCapital" : true,
                    "isEditable" : false,
                    "isEditableList" : true
                  },
                  {
                    "label": "Umur:",
                    "dataKey": "umur",
                    "type" : 28,
                    "required" : true,
                    "tabular" : false,
                    "encrypted" : false,
                    "enableRemark" : false,
                    "disableInput" : false,
                    "disableInitial" : false,
                    "isEditableList" : true
                  },
                  {
                    "label": "r6a. Apakah pendidikan tertinggi yang (NAMA) tamatkan?",
                    "dataKey": "r6a",
                    "type" : 28,
                    "required" : true,
                    "tabular" : false,
                    "encrypted" : false,
                    "enableRemark" : false,
                    "disableInput" : false,
                    "disableInitial" : false,
                    "isEditableList" : true
                  },
                  {
                    "label": "r8a. Apakah (NAMA) mengalami kesulitan/gangguan penglihatan?",
                    "dataKey": "r8a",
                    "type" : 28,
                    "required" : true,
                    "tabular" : false,
                    "encrypted" : false,
                    "enableRemark" : false,
                    "disableInput" : false,
                    "disableInitial" : false,
                    "isEditableList" : true
                  },
                  {
                    "label": "r8b. Apakah (NAMA) mengalami kesulitan/gangguan pendengaran?",
                    "dataKey": "r8b",
                    "type" : 28,
                    "required" : true,
                    "tabular" : false,
                    "encrypted" : false,
                    "enableRemark" : false,
                    "disableInput" : false,
                    "disableInitial" : false,
                    "isEditableList" : true
                  },
                  {
                    "label": "r8c. Apakah (NAMA) mengalami kesulitan/gangguan berjalan atau naik tangga?",
                    "dataKey": "r8c",
                    "type" : 28,
                    "required" : true,
                    "tabular" : false,
                    "encrypted" : false,
                    "enableRemark" : false,
                    "disableInput" : false,
                    "disableInitial" : false,
                    "isEditableList" : true
                  },
                  {
                    "label": "r8d. Apakah (NAMA) mengalami kesulitan/gangguan menggunakan/menggerakan tangan/jari?",
                    "dataKey": "r8d",
                    "type" : 28,
                    "required" : true,
                    "tabular" : false,
                    "encrypted" : false,
                    "enableRemark" : false,
                    "disableInput" : false,
                    "disableInitial" : false,
                    "isEditableList" : true
                  },
                  {
                    "label": "r8e. Apakah (NAMA) mengalami kesulitan/gangguan dalam berbicara dan/atau memahami/berkomunikasi dengan orang lain?",
                    "dataKey": "r8e",
                    "type" : 28,
                    "required" : true,
                    "tabular" : false,
                    "encrypted" : false,
                    "enableRemark" : false,
                    "disableInput" : false,
                    "disableInitial" : false,
                    "isEditableList" : true
                  },
                  {
                    "label": "r8f. Apakah (NAMA) mengalami kesulitan/gangguan lainnya?",
                    "dataKey": "r8f",
                    "type" : 28,
                    "required" : true,
                    "tabular" : false,
                    "encrypted" : false,
                    "enableRemark" : false,
                    "disableInput" : false,
                    "disableInitial" : false,
                    "isEditableList" : true
                  },
                  {
                    "label": "r9a. Dalam seminggu terakhir, apakah (NAMA) bekerja paling sedikit satu jam?",
                    "dataKey": "r9a",
                    "type" : 28,
                    "required" : true,
                    "tabular" : false,
                    "encrypted" : false,
                    "enableRemark" : false,
                    "disableInput" : false,
                    "disableInitial" : false,
                    "isEditableList" : true
                  },
                  {
                    "label": "r9b. Dalam seminggu terakhir, apakah (NAMA) melakukan kegiatan untuk memperoleh penghasilan/pendapatan/ uang?",
                    "dataKey": "r9b",
                    "type" : 28,
                    "tabular" : false,
                    "encrypted" : false,
                    "enableRemark" : false,
                    "disableInput" : false,
                    "disableInitial" : false,
                    "isEditableList" : true,
                    "enableCondition": "Number(getValue('r9a@$ROW$')) == 2",
                    "componentEnable": ["r9a@$ROW$"]
                  },
                  {
                    "label": "r9c. Dalam seminggu terakhir, apakah (NAMA) membantu kegiatan usaha atau pekerjaan keluarga/orang lain?",
                    "dataKey": "r9c",
                    "type" : 28,
                    "tabular" : false,
                    "encrypted" : false,
                    "enableRemark" : false,
                    "disableInput" : false,
                    "disableInitial" : false,
                    "isEditableList" : true,
                    "enableCondition": "Number(getValue('r9a@$ROW$')) == 2 && Number(getValue('r9b@$ROW$')) == 2",
                    "componentEnable": ["r9a@$ROW$", "r9b@$ROW$"]
                  },
                  {
                    "label": "r10. Apakah (NAMA) sebenarnya memiliki pekerjaan/kegiatan usaha, tetapi seminggu terakhir sedang tidak bekerja/ tidak menjalankan usaha tersebut?",
                    "dataKey": "r10",
                    "type" : 28,
                    "tabular" : false,
                    "encrypted" : false,
                    "enableRemark" : false,
                    "disableInput" : false,
                    "disableInitial" : false,
                    "isEditableList" : true,
                    "enableCondition": "Number(getValue('r9a@$ROW$')) == 2 && Number(getValue('r9b@$ROW$')) == 2 && Number(getValue('r9c@$ROW$')) == 2",
                    "componentEnable": ["r9a@$ROW$", "r9b@$ROW$", "r9c@$ROW$"]
                  },
                  {
                    "label" : "Jika r9a/r9b/r9c/r10 kode 1 tapi r8a/r8c/r8e ada yang kode 1 atau r8b/r8d/r8f ada yang kode 5, hasil konfirmasi:",
                    "type" : 25,
                    "dataKey" : "konfirmasir10",
                    "tabular" : false,
                    "encrypted" : false,
                    "enableRemark" : false,
                    "presetMaster" : true,
                    "disableInput" : false,
                    "disableInitial" : false,
                    "isCapital" : true,
                    "isEditable" : false,
                    "isEditableList" : true,
                    "enableCondition": "let a = getValue('r9a@$ROW$')\n let ab = getValue('r9b@$ROW$')\n let ac = getValue('r9c@$ROW$')\n let ad = getValue('r10@$ROW$')\n let b = getValue('r8a@$ROW$') \n let c = getValue('r8b@$ROW$') \n let d = getValue('r8c@$ROW$')\n let e = getValue('r8d@$ROW$') \n let f = getValue('r8e@$ROW$') \n let g = getValue('r8f@$ROW$') \n let arr = [a,ab,ac,ad] \n arr.includes(1) && ( b == 1 || c == 5 || d == 1 || e==5 || f==1 || g==5 )",
                    "componentEnable": ["r9a@$ROW$", "r8b@$ROW$", "r9c@$ROW$", "r10@$ROW$","r8a@$ROW$", "r8b@$ROW$", "r8c@$ROW$", "r8d@$ROW$", "r8e@$ROW$", "r8f@$ROW$"]
                  },
                  {
                    "label" : "r12a. Apa yang dikerjakan (NAMA) di tempat kerja?",
                    "type" : 25,
                    "dataKey" : "r12a",
                    "tabular" : false,
                    "encrypted" : false,
                    "enableRemark" : false,
                    "presetMaster" : true,
                    "disableInput" : false,
                    "disableInitial" : false,
                    "isCapital" : true,
                    "isEditable" : false,
                    "isEditableList" : true,
                    "enableCondition": "Number(getValue('r9a@$ROW$')) == 1 || Number(getValue('r9b@$ROW$')) == 1 || Number(getValue('r9c@$ROW$')) == 1 || Number(getValue('r10@$ROW$')) == 1",
                    "componentEnable": ["r9a@$ROW$", "r9b@$ROW$", "r9c@$ROW$", "r10@$ROW$"]
                  },
                  {
                    "label" : "r12b. Apa yang diproduksi/dihasilkan/dijual/dilayani dari pekerjaan/kegiatan usaha (NAMA)?",
                    "type" : 25,
                    "dataKey" : "r12b",
                    "tabular" : false,
                    "encrypted" : false,
                    "enableRemark" : false,
                    "presetMaster" : true,
                    "disableInput" : false,
                    "disableInitial" : false,
                    "isCapital" : true,
                    "isEditable" : false,
                    "isEditableList" : true,
                    "enableCondition": "Number(getValue('r9a@$ROW$')) == 1 || Number(getValue('r9b@$ROW$')) == 1 || Number(getValue('r9c@$ROW$')) == 1 || Number(getValue('r10@$ROW$')) == 1",
                    "componentEnable": ["r9a@$ROW$", "r9b@$ROW$", "r9c@$ROW$", "r10@$ROW$"]
                  },
                  {
                    "label" : "r12c. Bergerak di bidang apakah usaha/perusahaan/kantor tempat (NAMA) bekerja?",
                    "type" : 25,
                    "dataKey" : "r12c",
                    "tabular" : false,
                    "encrypted" : false,
                    "enableRemark" : false,
                    "presetMaster" : true,
                    "disableInput" : false,
                    "disableInitial" : false,
                    "isCapital" : true,
                    "isEditable" : false,
                    "isEditableList" : true,
                    "enableCondition": "Number(getValue('r9a@$ROW$')) == 1 || Number(getValue('r9b@$ROW$')) == 1 || Number(getValue('r9c@$ROW$')) == 1 || Number(getValue('r10@$ROW$')) == 1",
                    "componentEnable": ["r9a@$ROW$", "r9b@$ROW$", "r9c@$ROW$", "r10@$ROW$"]
                  },
                  {
                    "label": "r13a. Apakah status pekerjaan utama (NAMA)?",
                    "dataKey": "r13a",
                    "type" : 28,
                    "tabular" : false,
                    "encrypted" : false,
                    "enableRemark" : false,
                    "disableInput" : false,
                    "disableInitial" : false,
                    "isEditableList" : true,
                    "enableCondition": "Number(getValue('r9a@$ROW$')) == 1 || Number(getValue('r9b@$ROW$')) == 1 || Number(getValue('r9c@$ROW$')) == 1 || Number(getValue('r10@$ROW$')) == 1",
                    "componentEnable": ["r9a@$ROW$", "r9b@$ROW$", "r9c@$ROW$", "r10@$ROW$"]
                  },
                  {
                    "label": "r14a. Kode KBLI",
                    "dataKey": "kbli",
                    "type" : 24,
                    "maskingFormat": "99999",
                    "tabular" : false,
                    "encrypted" : false,
                    "enableRemark" : false,
                    "disableInput" : false,
                    "disableInitial" : false,
                    "isEditableList" : true,
                    "enableCondition": "Number(getValue('r9a@$ROW$')) == 1 || Number(getValue('r9b@$ROW$')) == 1 || Number(getValue('r9c@$ROW$')) == 1 || Number(getValue('r10@$ROW$')) == 1",
                    "componentEnable": ["r9a@$ROW$", "r9b@$ROW$", "r9c@$ROW$", "r10@$ROW$"]
                  },
                  {
                    "label": "r14b. Kode KBJI",
                    "dataKey": "kbji",
                    "type" : 24,
                    "maskingFormat": "9999",
                    "tabular" : false,
                    "encrypted" : false,
                    "enableRemark" : false,
                    "disableInput" : false,
                    "disableInitial" : false,
                    "isEditableList" : true,
                    "enableCondition": "Number(getValue('r9a@$ROW$')) == 1 || Number(getValue('r9b@$ROW$')) == 1 || Number(getValue('r9c@$ROW$')) == 1 || Number(getValue('r10@$ROW$')) == 1",
                    "componentEnable": ["r9a@$ROW$", "r9b@$ROW$", "r9c@$ROW$", "r10@$ROW$"]
                  },
                  {
                    "label": "r16a. Dalam seminggu terakhir, di bidang apakah pekerjaan utama (NAMA)?",
                    "dataKey": "r16a",
                    "type" : 28,
                    "required" : true,
                    "tabular" : false,
                    "encrypted" : false,
                    "enableRemark" : false,
                    "disableInput" : false,
                    "disableInitial" : false,
                    "isEditableList" : true,
                    "enableCondition": "Number(getValue('r9a@$ROW$')) == 1 || Number(getValue('r9b@$ROW$')) == 1 || Number(getValue('r9c@$ROW$')) == 1 || Number(getValue('r10@$ROW$')) == 1",
                    "componentEnable": ["r9a@$ROW$", "r9b@$ROW$", "r9c@$ROW$", "r10@$ROW$"]
                  },
                  {
                    "label": "r16b. Apakah barang/produk yang dihasilkan dari pekerjaan utama digunakan untuk:",
                    "dataKey": "r16b",
                    "type" : 28,
                    "required" : true,
                    "tabular" : false,
                    "encrypted" : false,
                    "enableRemark" : false,
                    "disableInput" : false,
                    "disableInitial" : false,
                    "isEditableList" : true,
                    "enableCondition": "Number(getValue('r16a@$ROW$')) > 0 && Number(getValue('r16a@$ROW$')) < 5 && (Number(getValue('r9a@$ROW$')) == 1 || Number(getValue('r9b@$ROW$')) == 1 || Number(getValue('r9c@$ROW$')) == 1 || Number(getValue('r10@$ROW$')))",
                    "componentEnable": ["r16a@$ROW$", "r16a@$ROW$", "r9a@$ROW$", "r9b@$ROW$", "r9c@$ROW$", "r10@$ROW$"]
                  },
                  {
                    "label": "r25a. Apakah (NAMA) memiliki perjanjian/kontrak kerja/surat keputusan?",
                    "dataKey": "r25a",
                    "type" : 28,
                    "required" : false,
                    "tabular" : false,
                    "encrypted" : false,
                    "enableRemark" : false,
                    "disableInput" : false,
                    "disableInitial" : false,
                    "isEditableList" : true,
                    "enableCondition": "Number(getValue('r13a@$ROW$')) == '4'",
                    "componentEnable": ["r13a@$ROW$", "r9a@$ROW$", "r9b@$ROW$", "r9c@$ROW$", "r10@$ROW$"]
                  },
                  {
                    "label" : "r37a. Dalam seminggu terakhir, apakah (NAMA) mencari pekerjaan?",
                    "type" : 28,
                    "dataKey" : "r37a",
                    "required" : true,
                    "tabular" : false,
                    "encrypted" : false,
                    "enableRemark" : false,
                    "presetMaster" : true,
                    "disableInput" : false,
                    "disableInitial" : false,
                    "isCapital" : true,
                    "isEditable" : false,
                    "isEditableList" : true
                  },
                  {
                    "label" : "r37b. Dalam seminggu terakhir, apakah (NAMA) sedang mempersiapkan suatu kegiatan usaha yang baru?",
                    "type" : 28,
                    "dataKey" : "r37b",
                    "required" : true,
                    "tabular" : false,
                    "encrypted" : false,
                    "enableRemark" : false,
                    "presetMaster" : true,
                    "disableInput" : false,
                    "disableInitial" : false,
                    "isCapital" : true,
                    "isEditable" : false,
                    "isEditableList" : true
                  },
                  {
                    "label" : "Jika r37a / r37b = 1 dan Umur anggota rumah tangga >= 50 tahun, hasil konfirmasi :",
                    "type" : 25,
                    "dataKey" : "konfirmasir37",
                    "tabular" : false,
                    "encrypted" : false,
                    "enableRemark" : false,
                    "presetMaster" : true,
                    "disableInput" : false,
                    "disableInitial" : false,
                    "isCapital" : true,
                    "isEditable" : false,
                    "isEditableList" : true,
                    "enableCondition": "Number(getValue('umur@$ROW$')) >= 50 && (Number(getValue('r37a@$ROW$')) == 1 || Number(getValue('r37b@$ROW$')) == 1)",
                    "componentEnable": ["r37a@$ROW$", "r37b@$ROW$", "umur@$ROW$"]
                  },
                  {
                    "label" : "r41a. Dalam seminggu terakhir, apakah alasan utama (NAMA) tidak mencari pekerjaan dan tidak mempersiapkan usaha?",
                    "type" : 28,
                    "dataKey" : "r41a",
                    "tabular" : false,
                    "encrypted" : false,
                    "enableRemark" : false,
                    "presetMaster" : true,
                    "disableInput" : false,
                    "disableInitial" : false,
                    "isCapital" : true,
                    "isEditable" : false,
                    "isEditableList" : true,
                    "enableCondition": "Number(getValue('r37a@$ROW$')) == 2 && Number(getValue('r37b@$ROW$')) == 2",
                    "componentEnable": ["r37a@$ROW$", "r37b@$ROW$", "umur@$ROW$"]
                  },
                  {
                    "label" : "Jika r41a = 3, hasil konfirmasi :",
                    "type" : 25,
                    "dataKey" : "konfirmasi",
                    "tabular" : false,
                    "encrypted" : false,
                    "enableRemark" : false,
                    "presetMaster" : true,
                    "disableInput" : false,
                    "disableInitial" : false,
                    "isCapital" : true,
                    "isEditable" : false,
                    "isEditableList" : true,
                    "enableCondition": "Number(getValue('r41a@$ROW$')) == 3 && Number(getValue('umur@$ROW$')) >= 50",
                    "componentEnable": ["r41a@$ROW$"]
                  },
                  {
                    "label" : "r44a. Kapan (NAMA) memperoleh pekerjaan/memulai usaha setelah lulus dari pendidikan tertinggi yang ditamatkan?",
                    "type" : 28,
                    "dataKey" : "r44a",
                    "required" : true,
                    "tabular" : false,
                    "encrypted" : false,
                    "enableRemark" : false,
                    "presetMaster" : true,
                    "disableInput" : false,
                    "disableInitial" : false,
                    "isCapital" : true,
                    "isEditable" : false,
                    "isEditableList" : true
                  },
                  {
                    "label" : "r49d. Dari kegiatan bersekolah, mengurus rumah tangga, dan kegiatan lainnya, kegiatan mana yang menggunakan waktu terbanyak dalam seminggu terakhir?",
                    "type" : 28,
                    "dataKey" : "r49d",
                    "required" : true,
                    "tabular" : false,
                    "encrypted" : false,
                    "enableRemark" : false,
                    "presetMaster" : true,
                    "disableInput" : false,
                    "disableInitial" : false,
                    "isCapital" : true,
                    "isEditable" : false,
                    "isEditableList" : true
                  }
                ]
              ]
            }
          ]
        ]
      }
    ]
  ]
}
